{
  "feature_order": [
    "company_best",
    "company_current",
    "ever_ai_native",
    "ever_product",
    "services_current",
    "yoe",
    "yoe_ideal",
    "yoe_band",
    "musthave_hits",
    "in_domain_title",
    "depth",
    "college_tier1",
    "college_tier2",
    "num_positions",
    "avg_tenure_mo",
    "ai_density",
    "nontech_title",
    "skill_count",
    "endorse_total"
  ],
  "mean": [
    0.9288413098236799,
    0.8235516372796001,
    0.6473551637279596,
    0.9596977329974811,
    0.06801007556675064,
    5.78639798488665,
    0.33249370277078083,
    0.6750629722921915,
    2.7984886649874054,
    0.9370277078085643,
    0.09319899244332494,
    0.43073047858942065,
    0.43073047858942065,
    2.491183879093199,
    28.040428211586903,
    7.579345088161209,
    0.0,
    15.312342569269521,
    317.8715365239295
  ],
  "scale": [
    0.12689140324675963,
    0.2115511394750409,
    0.47779331904360806,
    0.19666721708758883,
    0.2517631926794606,
    1.88012711205308,
    0.47110682481636446,
    0.468351316569328,
    0.45965459926686747,
    0.2429131174053636,
    0.29071109413105467,
    0.495178486410254,
    0.4951784864102533,
    0.7048217231347108,
    7.571857513782351,
    2.188100765851221,
    1.0,
    2.3887169291870536,
    114.5761485850839
  ],
  "coef": [
    3.4230584565223925,
    -1.4640731294506608,
    -2.4920474840541007,
    -0.9537709798362208,
    -4.1915888713076175,
    -2.218602605040685,
    1.985295389291092,
    0.37688568222831664,
    2.584693495430449,
    0.5292591844472929,
    1.434846606370489,
    3.716513149859011,
    1.5780780844153643,
    3.857025637605005,
    2.6558436970570023,
    1.4152370165849415,
    0.0,
    -0.5413765871859986,
    6.839847196086788
  ],
  "intercept": 51.79345088161214,
  "cv_spearman": 0.6688012266360545,
  "n_fit": 397
}